Document_Index,Word,Context
0,business, customer experience textmagic marketing software business enable easy text message marketing monthly subscr
0,business,user innovative approach simplify billing process business seek improve customer engagement translatepress s
0,business,instream clear pricing structure start year cater business look early insight success story showcase diversi
0,content,edium platform user save time increase efficiency content creator personal brand digital marketer subscript
0,content,rship source code earn proof repurposeio automate content distribution repurposeio simplifie task reposte c
0,content,t distribution repurposeio simplifie task reposte content social medium platform user save time increase ef
0,start,ack rise trend mainstream clear pricing structure start year cater business look early insight success st
0,work, productivity write code formula rewrite research work great window resell cost ownership source code ea
0,marketing,keting software business enable easy text message marketing monthly subscription use prepay credit offering f
0,marketing,textmagic transform customer experience textmagic marketing software business enable easy text message market
0,marketing,nerate month recur revenue tool simplifie twitter marketing help user grow monetize twitter audience list gui
0,time,m interested new startup subscribe thank valuable time
0,time, reposte content social medium platform user save time increase efficiency content creator personal bran
0,create,on hype fury tweet scheduling hype fury microsaas create cofounder solve problem scheduling twitter thread
0,year,se trend mainstream clear pricing structure start year cater business look early insight success story s
0,customer,ch simplify billing process business seek improve customer engagement translatepress simplify website transl
0,customer,el make affordable attractive textmagic transform customer experience textmagic marketing software business 
0,social,bution repurposeio simplifie task reposte content social medium platform user save time increase efficienc
1,business, customer experience textmagic marketing software business enable easy text message marketing monthly subscr
1,business,user innovative approach simplify billing process business seek improve customer engagement translatepress s
1,content,edium platform user save time increase efficiency content creator personal brand digital marketer subscript
1,content,rship source code earn proof repurposeio automate content distribution repurposeio simplifie task reposte c
1,start,ack rise trend mainstream clear pricing structure start year cater business look early insight success st
1,work, productivity write code formula rewrite research work great window resell cost ownership source code ea
1,marketing,keting software business enable easy text message marketing monthly subscription use prepay credit offering f
1,marketing,textmagic transform customer experience textmagic marketing software business enable easy text message market
1,time,m interested new startup subscribe thank valuable time
1,time, reposte content social medium platform user save time increase efficiency content creator personal bran
1,create,on hype fury tweet scheduling hype fury microsaas create cofounder solve problem scheduling twitter thread
1,year,se trend mainstream clear pricing structure start year cater business look early insight success story s
1,customer,ch simplify billing process business seek improve customer engagement translatepress simplify website transl
1,customer,el make affordable attractive textmagic transform customer experience textmagic marketing software business 
1,social,bution repurposeio simplifie task reposte content social medium platform user save time increase efficienc
2,start,y hire web designer find ask interested move role start study free time thank interested artist coder pee
2,start,nth kyear double salary believe come easy amazing start strapped rocket allstar team grow change world fa
2,start,rised understand day css basic graphic design day start learn javascript wait switch lane learn like end 
2,work,gage fee freelance go work month work live saving work want job freelance solitary want work change ego 
2,work,gle backpack take flight luggage fee freelance go work month work live saving work want job freelance so
2,work,ade experience amateur comparison earn spot great work value celebrate team try recall memory doubt proo
2,post,ial journey thank read read well format here blog post right brag go accord plan make decent story hope 
2,people,lance solitary want work change ego threaten year people tell travel great degree job place work hate idea
2,time,k coudnt start feel defeat want charge life spend time energy want curriculum say want travel world youn
2,company,screw life drop respectable job degree money feel company family feel coworker good friend show work mornin
2,year,tzky moment start apply lot reject lot demoralize year carefree adventure unemployable month rejection d
2,year, meet call sense reach hire thank tip look senior year experience ping miss shot realize time lbs little
2,year, freelance solitary want work change ego threaten year people tell travel great degree job place work ha
2,build,nt job bad realize capable want job spend weekend build demo hope knock sock send mind race busy hire bus
2,project,g craigslist hour exciting new startup thing look project small obesse want perfect hour send client design
3,product,preneur possess year journey tell pillar business product market finance neglect finance require successful
3,build,dit work level work year plan try figure weakness build tell key factor successful entrepreneur possess y
4,product,r recruit high quality one walk door leave future product stumble create sell customer ask referral referra
4,product,eting professional blogger change messaging clear product roadmap trim prospect list write changewithout ex
4,product,re suppose time connect plan turn hand deck fight product online think spend time build cool new feature cu
4,product,cket support queue frustrate user lose confidence product move launch big surprise work small group custome
4,post,lesson recur revenue reddit write post blog think find interesting happy answer question
4,people,ce hard advice traction feel choose niche exclude people come door reality choose email marketing professi
4,people,table month customer get momentum customer matter people tell scalable need use pay ad seo scalable way ac
4,people, success hear bunch people build exciting company people care team family customer ignore entrepreneur med
4,people,ge miss trust care love customer enjoy status quo people talk change weird send email say love change rece
4,ad,customer matter people tell scalable need use pay ad seo scalable way acquire customer great work work
4,company,ole loud success hear bunch people build exciting company people care team family customer ignore entrepren
4,company, promise ill write point asshole build successful company asshole way entrepreneur able build big company a
4,company,t senior leader roll change work year restructure company wrestle struggle courage decision know right prin
4,company, profit important factor run convertkit efficient company transparent financial dollar spend visible entire
4,create,uality one walk door leave future product stumble create sell customer ask referral referral kick right pe
4,customer,n end rejectionwill teach customer notice crucial customer recruit high quality one walk door leave future p
4,build, experiment test analyze datum find work prepared build infrastructure support growth estimate spend comp
4,build, successful company asshole way entrepreneur able build big company asshole loud success hear bunch peopl
4,build,erstand new product change affect use information build smart launch rollout plan plan involve roll featu
4,seo,tomer matter people tell scalable need use pay ad seo scalable way acquire customer great work work wil
4,project,eal need center focus year decide convertkit move project project decision convertkit today brag business r
4,project, center focus year decide convertkit move project project decision convertkit today brag business run cring
4,project,aft commerce moment week month push deadline trim project scope reprioritize backlog hope go live demo foll
7,create,up mission travel affordable lot traveler service create new market travel industry exciting advice start 
7,create,urrent price booking complete winwin side startup create personal lightbulb moment start cofounder realize
9,post,hood help right month post decline k job employer post promise update guy lot happen son bear bask prese
9,post,nk dust handle affect livelihood help right month post decline k job employer post promise update guy lo
9,project,ority interest agency exchange set minimum number project year workaround typical nooutsourcing clause cont
10,post,tructure future segmentation analytic break build post reddit couple day company invest salesforce decid
10,ad,ng stay flexible iterate fast eye product website ad adapt base performance stick endless meeting rega
10,social, increase trust product performance marketing pay social sea affiliate create continuous customer lead vie
12,link,ription retail wholesale pricing photo video send link buyer idea brand product presentation buyer place
12,ad,r photographer content creator ppc master run roi ad hit learn question comment drop comment like text
12,ad,t recommend organic traction dump money instagram ad help people start break model influencer instagra
12,seo,azon ton competition low price important presence seo constant work improve tough nut crack able partne
12,social,e hard tell purchase amazon customer find website social channel search amazon free prime shipping new cus
13,ad,te profile specific narrow market design branding ad market people speak people connect choose demogra
13,social,ward grant cause great increase social like share social medium activity translate profit lose market shar
14,page,ay grind put hour day burn close huge opportunity page vision post week go different platform algorithm 
15,link,shop code bootcamp time google send stackoverflow link bad mood reply help debug php code email free use
15,page, energy building iterate multiple version api doc page try open source solution api documentation time c
15,page,time engineer build maintain api doc page api doc page page english word code snippet different programm
15,page,t programming language user able run code example page require design repeatable process automatic manua
15,page,mpany employ team engineer maintain documentation page great documentation build trust stable backend se
16,link,ad recommendation answer question ask doable here link try read rest get month build service sure time t
21,link, mobile phone initial vision want audio clickable link website clickable music tv show movie sort vision
22,link,advantage allow refine process editorial calendar link building technique focus niche mean speak languag
22,seo,y seo service personal injury lawyer stat product seo personal injury lawyer revenuemo start location c
22,seo,e use bundle benefit hr resource payroll umbrella seo tool ahref semrush agency analytic scream frog to
22,seo,irm seo niche specialize personal injury law firm seo decision gross revenue come personal injury clien
